<?xml version="1.0" encoding="UTF-8" standalone="yes"?>
<program>
  <header>
    <applicationBuildName/>
    <applicationBuildNumber>0</applicationBuildNumber>
    <applicationName>Pocket Code</applicationName>
    <applicationVersion>0.9.15</applicationVersion>
    <catrobatLanguageVersion>0.95</catrobatLanguageVersion>
    <dateTimeUpload/>
    <description>The pororo is moving along my face's X, Y position. It will work well   within 30~50cm. It looks sometimes lost my face. </description>
    <deviceName>SHV-E210S</deviceName>
    <isPhiroProProject>false</isPhiroProProject>
    <mediaLicense>http://developer.catrobat.org/ccbysa_v4</mediaLicense>
    <platform>Android</platform>
    <platformVersion>19.0</platformVersion>
    <programLicense>http://developer.catrobat.org/agpl_v3</programLicense>
    <programName>Face detection with front camera</programName>
    <remixOf/>
    <screenHeight>1280</screenHeight>
    <screenMode>STRETCH</screenMode>
    <screenWidth>720</screenWidth>
    <tags/>
    <url>/pocketcode/program/3448</url>
    <userHandle>ideabigbang</userHandle>
  </header>
  <objectList>
    <object name="배경">
      <lookList>
        <look name="Galaxy_S6_default_wallpaper-1">
          <fileName>c21d874018bdc57e297be1592ceb0813_Galaxy_S6_default_wallpaper-1.png</fileName>
        </look>
      </lookList>
      <soundList/>
      <scriptList/>
      <userBricks/>
    </object>
    <object name="_1-2">
      <lookList>
        <look name="_1-2">
          <fileName>56406bea07259396c2c90b6baf764314__1-2.png</fileName>
        </look>
      </lookList>
      <soundList/>
      <scriptList>
        <script type="StartScript">
          <brickList>
            <brick type="ForeverBrick"/>
            <brick type="GlideToBrick">
              <formulaList>
                <formula category="Y_DESTINATION">
                  <type>SENSOR</type>
                  <value>FACE_Y_POSITION</value>
                </formula>
                <formula category="X_DESTINATION">
                  <type>SENSOR</type>
                  <value>FACE_X_POSITION</value>
                </formula>
                <formula category="DURATION_IN_SECONDS">
                  <type>NUMBER</type>
                  <value>0.1</value>
                </formula>
              </formulaList>
            </brick>
            <brick type="LoopEndlessBrick"/>
          </brickList>
          <isUserScript>false</isUserScript>
        </script>
      </scriptList>
      <userBricks/>
    </object>
  </objectList>
  <data>
    <objectListOfList/>
    <objectVariableList/>
    <programListOfLists/>
    <programVariableList/>
    <userBrickVariableList/>
  </data>
  <settings/>
</program>
