<?xml version="1.0" encoding="UTF-8" standalone="yes"?>
<program>
  <header>
    <applicationBuildName/>
    <applicationBuildNumber>0</applicationBuildNumber>
    <applicationName>Pocket Code</applicationName>
    <applicationVersion>0.9.18</applicationVersion>
    <catrobatLanguageVersion>0.96</catrobatLanguageVersion>
    <dateTimeUpload/>
    <description>sample program</description>
    <deviceName>QMV7B</deviceName>
    <isPhiroProProject>false</isPhiroProProject>
    <mediaLicense>http://developer.catrobat.org/ccbysa_v4</mediaLicense>
    <platform>Android</platform>
    <platformVersion>17.0</platformVersion>
    <programLicense>http://developer.catrobat.org/agpl_v3</programLicense>
    <programName>teacher</programName>
    <remixOf/>
    <screenHeight>800</screenHeight>
    <screenMode>STRETCH</screenMode>
    <screenWidth>1216</screenWidth>
    <tags/>
    <url>/pocketcode/program/3998</url>
    <userHandle>retrospaceguy</userHandle>
  </header>
  <objectList>
    <object name="Background">
      <lookList>
        <look name="look1">
          <fileName>d47476627b7e85a43c904dece472873c_look.png</fileName>
        </look>
      </lookList>
      <soundList/>
      <scriptList/>
      <userBricks/>
    </object>
    <object name="flappy">
      <lookList>
        <look name="flappy">
          <fileName>6b9b61fbeb6777548ca381ab309bf25c_look.png</fileName>
        </look>
      </lookList>
      <soundList/>
      <scriptList>
        <script type="StartScript">
          <brickList>
            <brick type="GlideToBrick">
              <formulaList>
                <formula category="Y_DESTINATION">
                  <type>NUMBER</type>
                  <value>200</value>
                </formula>
                <formula category="X_DESTINATION">
                  <type>NUMBER</type>
                  <value>100</value>
                </formula>
                <formula category="DURATION_IN_SECONDS">
                  <type>NUMBER</type>
                  <value>2.0</value>
                </formula>
              </formulaList>
            </brick>
            <brick type="SpeakBrick">
              <formulaList>
                <formula category="SPEAK">
                  <type>STRING</type>
                  <value>Hello!</value>
                </formula>
              </formulaList>
            </brick>
            <brick type="WaitBrick">
              <formulaList>
                <formula category="TIME_TO_WAIT_IN_SECONDS">
                  <type>NUMBER</type>
                  <value>1.0</value>
                </formula>
              </formulaList>
            </brick>
            <brick type="SpeakBrick">
              <formulaList>
                <formula category="SPEAK">
                  <type>STRING</type>
                  <value>how are you</value>
                </formula>
              </formulaList>
            </brick>
            <brick type="WaitBrick">
              <formulaList>
                <formula category="TIME_TO_WAIT_IN_SECONDS">
                  <type>NUMBER</type>
                  <value>1.0</value>
                </formula>
              </formulaList>
            </brick>
            <brick type="SpeakBrick">
              <formulaList>
                <formula category="SPEAK">
                  <type>STRING</type>
                  <value>science is great</value>
                </formula>
              </formulaList>
            </brick>
            <brick type="WaitBrick">
              <formulaList>
                <formula category="TIME_TO_WAIT_IN_SECONDS">
                  <type>NUMBER</type>
                  <value>1.0</value>
                </formula>
              </formulaList>
            </brick>
          </brickList>
          <isUserScript>false</isUserScript>
        </script>
      </scriptList>
      <userBricks/>
    </object>
  </objectList>
  <data>
    <objectListOfList>
      <entry>
        <object reference="../../../../objectList/object[2]"/>
        <list/>
      </entry>
    </objectListOfList>
    <objectVariableList>
      <entry>
        <object reference="../../../../objectList/object[2]"/>
        <list/>
      </entry>
    </objectVariableList>
    <programListOfLists/>
    <programVariableList/>
    <userBrickVariableList/>
  </data>
  <settings/>
</program>
